<?xml version="1.0" encoding="UTF-8" standalone="yes" ?>
<?xml-stylesheet type="text/css" href="League.css" ?>
			
<Pets>
<Pet PetID="7" >
<League>2017/18</League>
<WinningTeam>Manchester City</WinningTeam>
<TopScorer>Mohamed Salah</TopScorer>
<MostAssists>Kevin De Bruyne</MostAssists>
<GoldenGlove>David De Gea</GoldenGlove>
<Manager>Pep Guardiola</Manager>
<Relegated>Swansea City, Stoke City, West Brom</Relegated>
</Pet>
<Pet PetID="8" >
<League>2016/17</League>
<WinningTeam>Chelsea</WinningTeam>
<TopScorer>Harry Kane</TopScorer>
<MostAssists>Kevin De Bruyne</MostAssists>
<GoldenGlove>Thibaut Courtois</GoldenGlove>
<Manager>Antonio Conte</Manager>
<Relegated>Hull City, Middlesbrough, Sunderland</Relegated>
</Pet>
<Pet PetID="10" >
<League>2015/16</League>
<WinningTeam>Leicester</WinningTeam>
<TopScorer>Harry Kane</TopScorer>
<MostAssists>Mesut Özil</MostAssists>
<GoldenGlove>Petr Cech</GoldenGlove>
<Manager>Claudio Ranieri</Manager>
<Relegated>Newcastle United, Norwich City, Aston Villa</Relegated>
</Pet>
<Pet PetID="11" >
<League>2014/15</League>
<WinningTeam>Chelsea</WinningTeam>
<TopScorer>Sergio Aguero</TopScorer>
<MostAssists>Cesc Fabregas</MostAssists>
<GoldenGlove>Joe Hart</GoldenGlove>
<Manager>Jose Mourinho</Manager>
<Relegated>Hull City, Burnley, Queens Park Rangers</Relegated>
</Pet>
<Pet PetID="12" >
<League>2013/14</League>
<WinningTeam>Manchester City</WinningTeam>
<TopScorer>Luis Suarez</TopScorer>
<MostAssists>Steven Gerrard</MostAssists>
<GoldenGlove>Wojciech Szczesny</GoldenGlove>
<Manager>Tony Pulis</Manager>
<Relegated>Norwich City, Fulham, Cardiff City</Relegated>
</Pet>
<Pet PetID="13" >
<League>2012/13</League>
<WinningTeam>Manchester United</WinningTeam>
<TopScorer>Robin Van Persie</TopScorer>
<MostAssists>Juan Mata</MostAssists>
<GoldenGlove>Joe Hart</GoldenGlove>
<Manager>Alex Ferguson</Manager>
<Relegated>Wigan Athletic, Reading, Queens Park Rangers</Relegated>
</Pet>
<Pet PetID="14" >
<League>2011/12</League>
<WinningTeam>Manchester City</WinningTeam>
<TopScorer>Robin Van Persie</TopScorer>
<MostAssists>David Silva</MostAssists>
<GoldenGlove>Joe Hart</GoldenGlove>
<Manager>Alan Pardew</Manager>
<Relegated>Bolton Wanderers, Blackburn Rovers, Wolverhampton Wanderers</Relegated>
</Pet>
<Pet PetID="15" >
<League>2010/11</League>
<WinningTeam>Manchester United</WinningTeam>
<TopScorer>Dimitar Berbatov</TopScorer>
<MostAssists>Nani</MostAssists>
<GoldenGlove>Joe Hart</GoldenGlove>
<Manager>Sir Alex Ferguson</Manager>
<Relegated>Birmingham City, Blackpool, West Ham United</Relegated>
</Pet>
<Pet PetID="16" >
<League>2009/10</League>
<WinningTeam>Chelsea</WinningTeam>
<TopScorer>Didier Drogba</TopScorer>
<MostAssists>Frank Lampard</MostAssists>
<GoldenGlove>Petr Cech</GoldenGlove>
<Manager>Harry Redknapp</Manager>
<Relegated>Hull City, Burnley, Portsmouth</Relegated>
</Pet>
<Pet PetID="17" >
<League>2008/09</League>
<WinningTeam>Manchester United</WinningTeam>
<TopScorer>Nicolas Anelka</TopScorer>
<MostAssists>Frank Lampard</MostAssists>
<GoldenGlove>Edwin van der Sar</GoldenGlove>
<Manager>Sir Alex Ferguson</Manager>
<Relegated>Newcastle United, Middlesbrough, West Bromwich Albion</Relegated>
</Pet>
<Pet PetID="18" >
<League>2007/08</League>
<WinningTeam>Manchester United</WinningTeam>
<TopScorer>Cristiano Ronaldo</TopScorer>
<MostAssists>Cesc Fabregas</MostAssists>
<GoldenGlove>Pepe Reina</GoldenGlove>
<Manager>Sir Alex Ferguson</Manager>
<Relegated>Reading, Birmingham City, Derby County</Relegated>
</Pet>
<Pet PetID="21" >
<League>2006/07</League>
<WinningTeam>Manchester United</WinningTeam>
<TopScorer>Didier Drogba</TopScorer>
<MostAssists>Cesc Fabregas</MostAssists>
<GoldenGlove>Pepe Reina</GoldenGlove>
<Manager>Sir Alex Ferguson</Manager>
<Relegated>Sheffield United, Charlton Athletic, Watford</Relegated>
</Pet>
<Pet PetID="27" >
<League>2005/06</League>
<WinningTeam>Chelsea</WinningTeam>
<TopScorer>Thierry Henry</TopScorer>
<MostAssists>Didier Drogba</MostAssists>
<GoldenGlove>Pepe Reina</GoldenGlove>
<Manager>Jose Mourinho</Manager>
<Relegated>Birmingham City, West Bromwich Albion, Sunderland</Relegated>
</Pet>
<Pet PetID="28" >
<League>2004/05</League>
<WinningTeam>Chelsea</WinningTeam>
<TopScorer>Thierry Henry</TopScorer>
<MostAssists>Frank Lampard</MostAssists>
<GoldenGlove>Petr Cech</GoldenGlove>
<Manager>Jose Mourinho</Manager>
<Relegated>Crystal Palace, Norwich City, Southampton</Relegated>
</Pet>
<Pet PetID="43" >
<League>2003/04</League>
<WinningTeam>Arsenal</WinningTeam>
<TopScorer>Thierry Henry</TopScorer>
<MostAssists>Muzzy Izzet</MostAssists>
<GoldenGlove>Jens Lehmann</GoldenGlove>
<Manager>Arsene Wenger</Manager>
<Relegated>Leicester City, Leeds United, Wolverhampton Wanderers</Relegated>
</Pet>
</Pets>