<?xml version="1.0" encoding="UTF-8" standalone="yes" ?>
<?xml-stylesheet type="text/css" href="Teams.css" ?>
		<!-- This page is to give brief information to each team -->	
<Pets>
<Pet PetID="7" >
<Team>Arsenal</Team>
<Founded>1886</Founded>
<Ground>The Emirates</Ground>
<Titles>3</Titles>
<HighestFinish>1st</HighestFinish>
<Manager>Unai Emery</Manager>
<TopScorer>Thierry Henry</TopScorer>
</Pet>

<Pet PetID="8" >
<Team>Bournemouth </Team>
<Founded>1890 </Founded>
<Ground>Dean Court </Ground>
<Titles> 0 </Titles>
<HighestFinish> 9th</HighestFinish>
<Manager> Eddie Howe </Manager>
<TopScorer> Josh King </TopScorer>

</Pet>
<Pet PetID="10" >
<Team>Brighton</Team>
<Founded>1901 </Founded>
<Ground>Falmer Stadium </Ground>
<Titles>0 </Titles>
<HighestFinish>15th </HighestFinish>
<Manager>Chris Hughton </Manager>
<TopScorer> Glenn Murray </TopScorer>

</Pet>
<Pet PetID="11" >
<Team>Burnley </Team>
<Founded>1882 </Founded>
<Ground> Turf Moor</Ground>
<Titles> 0</Titles>
<HighestFinish> 7th</HighestFinish>
<Manager>Shaun Dyche </Manager>
<TopScorer> Ashley Barnes</TopScorer>

</Pet>
<Pet PetID="12" >
<Team>Cardiff City </Team>
<Founded>1899 </Founded>
<Ground>Cardiff City Stadium </Ground>
<Titles>0 </Titles>
<HighestFinish>20th </HighestFinish>
<Manager>Neil Warnock</Manager>
<TopScorer>Jordon Mutch </TopScorer>

</Pet>
<Pet PetID="13" >
<Team>Chelsea </Team>
<Founded>1905 </Founded>
<Ground>Stanford Bridge </Ground>
<Titles>5 </Titles>
<HighestFinish>1st </HighestFinish>
<Manager>Maurizio Sarri </Manager>
<TopScorer>Frank Lampard </TopScorer>

</Pet>
<Pet PetID="14" >
<Team>Crystal Palace </Team>
<Founded>1905 </Founded>
<Ground>Selhurst Park </Ground>
<Titles> 0</Titles>
<HighestFinish>10th </HighestFinish>
<Manager> Roy Hodgson</Manager>
<TopScorer>Wilfred Zaha </TopScorer>

</Pet>
<Pet PetID="15" >
<Team> Everton </Team>
<Founded>1878 </Founded>
<Ground>Goodison Park </Ground>
<Titles> 0</Titles>
<HighestFinish> </HighestFinish>
<Manager>Marco Silva </Manager>
<TopScorer>Romelu Lukaku </TopScorer>

</Pet>
<Pet PetID="16" >
<Team>Fulham </Team>
<Founded>1879 </Founded>
<Ground>Craven Cottage </Ground>
<Titles>0 </Titles>
<HighestFinish>7th </HighestFinish>
<Manager>Claudio Ranieri </Manager>
<TopScorer>Clint Dempsey </TopScorer>
</Pet>

<Pet PetID="17" >
<Team>Huddersfield Town </Team>
<Founded>1908 </Founded>
<Ground> Kirklees Stadium</Ground>
<Titles> 0</Titles>
<HighestFinish>16th </HighestFinish>
<Manager>David Wagner </Manager>
<TopScorer>Steve Mounie </TopScorer>

</Pet>
<Pet PetID="18" >
<Team> Leicester City </Team>
<Founded>1884 </Founded>
<Ground>King Power Stadium </Ground>
<Titles>1 </Titles>
<HighestFinish> 1st</HighestFinish>
<Manager>Claude Puel </Manager>
<TopScorer>Jamie Vardy </TopScorer>

</Pet>
<Pet PetID="21" >
<Team>Liverpool </Team>
<Founded>1892 </Founded>
<Ground>Anfield </Ground>
<Titles> 0</Titles>
<HighestFinish> 2nd</HighestFinish>
<Manager> Jurgen Klopp</Manager>
<TopScorer>Robbie Fowler </TopScorer>
</Pet>

<Pet PetID="27" >
<Team>Manchester City </Team>
<Founded>1880 </Founded>
<Ground> City of Manchester Stadium</Ground>
<Titles> 3</Titles>
<HighestFinish> 1st</HighestFinish>
<Manager>Pep Guardiola </Manager>
<TopScorer> Sergio Aguero</TopScorer>

</Pet>
<Pet PetID="28" >
<Team>Manchester United </Team>
<Founded>1878 </Founded>
<Ground>Old Trafford </Ground>
<Titles>13 </Titles>
<HighestFinish>1st </HighestFinish>
<Manager>Jose Mourinho </Manager>
<TopScorer>Wayne Rooney </TopScorer>

</Pet>
<Pet PetID="43" >
<Team>Newcastle United </Team>
<Founded>1892 </Founded>
<Ground>St James Park </Ground>
<Titles> 0</Titles>
<HighestFinish> 2nd</HighestFinish>
<Manager> Rafa Benitez</Manager>
<TopScorer>Alan Sheerer </TopScorer>

</Pet>

<Pet PetID="44" >
<Team>Southampton </Team>
<Founded>1885 </Founded>
<Ground>St Marys Stadium </Ground>
<Titles>0 </Titles>
<HighestFinish>6th </HighestFinish>
<Manager> Ralph Hassenhuttl</Manager>
<TopScorer>Matt Le Tisser </TopScorer>

</Pet>

<Pet PetID="45" >
<Team>Tottenham Hotspur </Team>
<Founded>1882 </Founded>
<Ground>Tottenham Hotspur Stadium </Ground>
<Titles>0 </Titles>
<HighestFinish> 2nd</HighestFinish>
<Manager> Mauricio Pochettino</Manager>
<TopScorer>Harry Kane </TopScorer>

</Pet>

<Pet PetID="46" >
<Team>Watford </Team>
<Founded>1898 </Founded>
<Ground>Vicarage Road </Ground>
<Titles> 0</Titles>
<HighestFinish>13th </HighestFinish>
<Manager>Javi Garcia </Manager>
<TopScorer> Troy Deeney</TopScorer>

</Pet>

<Pet PetID="47" >
<Team>West Ham United </Team>
<Founded>1895 </Founded>
<Ground> London Stadium </Ground>
<Titles> 0</Titles>
<HighestFinish> 5th</HighestFinish>
<Manager> Manuel Pellegrini</Manager>
<TopScorer>Paulo Di Canio </TopScorer>

</Pet>

<Pet PetID="48" >
<Team>Wolverhampton Wanderers </Team>
<Founded>1877 </Founded>
<Ground>Mollineux Stadium </Ground>
<Titles>0 </Titles>
<HighestFinish>15th </HighestFinish>
<Manager>Nuno Espirito Santo </Manager>
<TopScorer> Steven Fletcher</TopScorer>

</Pet>


</Pets>

<!-- all information on this page was gained from:
https://en.wikipedia.org/wiki/List_of_Premier_League_clubs  
and
https://www.premierleague.com/home

Style is credited to Luke Sheehan,
Parts of Code is credited to Muhammad Iqbal lecture notes


-->